{"stats":{"minecraft:picked_up":{"minecraft:sand":16,"minecraft:dragon_egg":13},"minecraft:custom":{"minecraft:jump":31,"minecraft:time_since_rest":28563,"minecraft:play_one_minute":28563,"minecraft:leave_game":2,"minecraft:time_since_death":28563,"minecraft:walk_one_cm":12106,"minecraft:sneak_time":1075,"minecraft:fly_one_cm":31064,"minecraft:drop":1},"minecraft:used":{"minecraft:oak_sign":12,"minecraft:gold_block":12,"minecraft:dragon_egg":49,"minecraft:diamond_block":93,"minecraft:sand":56},"minecraft:dropped":{"minecraft:dragon_egg":1}},"DataVersion":1976}